order_date,daily_orders,daily_revenue,cumulative_revenue,cumulative_revenue_percentage,seven_day_avg_revenue
2016-09-04,1,136.23,136.23,0.0,136.23
2016-09-05,1,75.06,211.29,0.0,105.65
2016-09-13,1,40.95,252.24,0.0,84.08
2016-09-15,1,0.0,252.24,0.0,63.06
2016-10-02,1,109.34,361.58,0.0,72.32
2016-10-03,8,595.14,956.72,0.01,159.45
2016-10-04,63,11914.65,12871.37,0.08,1838.77
2016-10-05,47,10212.22,23083.59,0.14,3278.19
2016-10-06,51,9398.61,32482.2,0.2,4610.13
2016-10-07,46,8255.19,40737.39,0.25,5783.59
2016-10-08,42,9716.13,50453.52,0.32,7171.61
2016-10-09,26,4152.11,54605.63,0.34,7749.15
2016-10-10,39,4675.1,59280.73,0.37,8332.0
2016-10-22,1,61.99,59342.72,0.37,6638.76
2016-12-23,1,19.62,59362.34,0.37,5182.68
2017-01-05,32,707.27,60069.61,0.38,3941.06
2017-01-06,4,988.28,61057.89,0.38,2902.93
2017-01-07,4,1447.99,62505.88,0.39,1721.77
2017-01-08,6,809.63,63315.51,0.4,1244.27
2017-01-09,5,774.51,64090.02,0.4,687.04
2017-01-10,6,1571.17,65661.19,0.41,902.64
2017-01-11,12,3062.33,68723.52,0.43,1337.31
2017-01-12,13,2502.69,71226.21,0.44,1593.8
2017-01-13,12,2903.97,74130.18,0.46,1867.47
2017-01-14,18,1507.36,75637.54,0.47,1875.95
2017-01-15,14,2551.34,78188.88,0.49,2124.77
2017-01-16,19,3712.24,81901.12,0.51,2544.44
2017-01-17,32,3893.61,85794.73,0.54,2876.22
2017-01-18,33,4683.38,90478.11,0.57,3107.8
2017-01-19,29,4140.16,94618.27,0.59,3341.72
2017-01-20,29,4698.07,99316.34,0.62,3598.02
2017-01-21,24,3094.76,102411.1,0.64,3824.79
2017-01-22,31,4280.22,106691.32,0.67,4071.78
2017-01-23,39,7553.89,114245.21,0.71,4620.58
2017-01-24,40,6794.5,121039.71,0.76,5035.0
2017-01-25,63,10434.31,131474.02,0.82,5856.56
2017-01-26,86,15191.96,146665.98,0.92,7435.39
2017-01-27,62,12904.13,159570.11,1.0,8607.68
2017-01-28,29,5909.98,165480.09,1.03,9009.86
2017-01-29,35,7160.66,172640.75,1.08,9421.35
2017-01-30,53,12187.9,184828.65,1.15,10083.35
2017-01-31,70,13021.73,197850.38,1.24,10972.95
2017-02-01,73,10310.99,208161.37,1.3,10955.34
2017-02-02,69,10676.54,218837.91,1.37,10310.28
2017-02-03,60,11639.19,230477.1,1.44,10129.57
2017-02-04,67,15747.17,246224.27,1.54,11534.88
2017-02-05,75,10153.24,256377.51,1.6,11962.39
2017-02-06,85,11626.0,268003.51,1.67,11882.12
2017-02-07,112,16627.21,284630.72,1.78,12397.19
2017-02-08,95,14299.97,298930.69,1.87,12967.05
2017-02-09,77,10844.17,309774.86,1.94,12990.99
2017-02-10,66,15674.09,325448.95,2.03,13567.41
2017-02-11,49,5648.37,331097.32,2.07,12124.72
2017-02-12,64,16682.29,347779.61,2.17,13057.44
2017-02-13,78,13092.09,360871.7,2.25,13266.88
2017-02-14,76,15309.08,376180.78,2.35,13078.58
2017-02-15,62,8326.4,384507.18,2.4,12225.21
2017-02-16,55,7803.72,392310.9,2.45,11790.86
2017-02-17,46,8093.57,400404.47,2.5,10707.93
2017-02-18,54,9308.3,409712.77,2.56,11230.78
2017-02-19,40,4477.65,414190.42,2.59,9487.26
2017-02-20,63,9157.3,423347.72,2.64,8925.15
2017-02-21,41,9333.46,432681.18,2.7,8071.49
2017-02-22,63,9393.37,442074.55,2.76,8223.91
2017-02-23,59,8571.86,450646.41,2.81,8333.64
2017-02-24,64,7983.01,458629.42,2.86,8317.85
2017-02-25,43,5126.18,463755.6,2.9,7720.4
2017-02-26,46,6583.5,470339.1,2.94,8021.24
2017-02-27,43,6836.77,477175.87,2.98,7689.74
2017-02-28,55,12582.52,489758.39,3.06,8153.89
2017-03-01,99,18923.17,508681.56,3.18,9515.29
2017-03-02,72,13146.36,521827.92,3.26,10168.79
2017-03-03,74,14154.71,535982.63,3.35,11050.46
2017-03-04,80,15533.69,551516.32,3.45,12537.25
2017-03-05,74,8789.14,560305.46,3.5,12852.34
2017-03-06,105,13515.12,573820.58,3.58,13806.39
2017-03-07,82,13855.37,587675.95,3.67,13988.22
2017-03-08,79,16769.66,604445.61,3.78,13680.58
2017-03-09,93,13828.33,618273.94,3.86,13778.0
2017-03-10,88,14518.92,632792.86,3.95,13830.03
2017-03-11,71,12503.97,645296.83,4.03,13397.22
2017-03-12,64,7853.18,653150.01,4.08,13263.51
2017-03-13,111,19306.06,672456.07,4.2,14090.78
2017-03-14,99,16542.98,688999.05,4.3,14474.73
2017-03-15,108,17364.91,706363.96,4.41,14559.76
2017-03-16,103,16653.72,723017.68,4.52,14963.39
2017-03-17,65,13611.28,736628.96,4.6,14833.73
2017-03-18,73,17943.07,754572.03,4.71,15610.74
2017-03-19,56,7728.08,762300.11,4.76,15592.87
2017-03-20,119,20014.93,782315.04,4.89,15694.14
2017-03-21,97,14937.51,797252.55,4.98,15464.79
2017-03-22,105,16390.14,813642.69,5.08,15325.53
2017-03-23,114,22913.37,836556.06,5.23,16219.77
2017-03-24,79,13386.91,849942.97,5.31,16187.72
2017-03-25,76,11251.74,861194.71,5.38,15231.81
2017-03-26,64,7642.02,868836.73,5.43,15219.52
2017-03-27,111,20549.29,889386.02,5.56,15295.85
2017-03-28,103,14838.58,904224.6,5.65,15281.72
2017-03-29,74,10209.11,914433.71,5.71,14398.72
2017-03-30,74,11435.0,925868.71,5.78,12758.95
2017-03-31,70,13753.28,939621.99,5.87,12811.29
2017-04-01,68,20574.68,960196.67,6.0,14143.14
2017-04-02,65,10608.62,970805.29,6.06,14566.94
2017-04-03,72,10776.9,981582.19,6.13,13170.88
2017-04-04,96,14152.99,995735.18,6.22,13072.94
2017-04-05,96,20774.55,1016509.73,6.35,14582.29
2017-04-06,96,26863.58,1043373.31,6.52,16786.37
2017-04-07,85,15043.72,1058417.03,6.61,16970.72
2017-04-08,68,10290.74,1068707.77,6.68,15501.59
2017-04-09,73,9689.41,1078397.18,6.74,15370.27
2017-04-10,87,13492.1,1091889.28,6.82,15758.16
2017-04-11,78,9878.09,1101767.37,6.88,15147.46
2017-04-12,63,9407.94,1111175.31,6.94,13523.65
2017-04-13,60,11216.11,1122391.42,7.01,11288.3
2017-04-14,54,10515.9,1132907.32,7.08,10641.47
2017-04-15,52,9391.56,1142298.88,7.14,10513.02
2017-04-16,49,6532.21,1148831.09,7.18,10061.99
2017-04-17,65,10765.57,1159596.66,7.24,9672.48
2017-04-18,71,23433.86,1183030.52,7.39,11609.02
2017-04-19,97,13941.25,1196971.77,7.48,12256.64
2017-04-20,98,16056.0,1213027.77,7.58,12948.05
2017-04-21,68,10162.6,1223190.37,7.64,12897.58
2017-04-22,84,15005.06,1238195.43,7.73,13699.51
2017-04-23,88,11839.91,1250035.34,7.81,14457.75
2017-04-24,115,17711.57,1267746.91,7.92,15450.04
2017-04-25,111,17176.35,1284923.26,8.03,14556.11
2017-04-26,125,18696.09,1303619.35,8.14,15235.37
2017-04-27,80,12455.1,1316074.45,8.22,14720.95
2017-04-28,98,18063.29,1334137.74,8.33,15849.62
2017-04-29,74,13835.28,1347973.02,8.42,15682.51
2017-04-30,68,9437.0,1357410.02,8.48,15339.24
2017-05-01,117,14869.67,1372279.69,8.57,14933.25
2017-05-02,128,20673.08,1392952.77,8.7,15432.79
2017-05-03,103,12192.34,1405145.11,8.78,14503.68
2017-05-04,109,15901.72,1421046.83,8.88,14996.05
2017-05-05,111,16584.58,1437631.41,8.98,14784.81
2017-05-06,109,19227.55,1456858.96,9.1,15555.13
2017-05-07,111,20467.98,1477326.94,9.23,17130.99
2017-05-08,124,19194.68,1496521.62,9.35,17748.85
2017-05-09,128,24245.05,1520766.67,9.5,18259.13
2017-05-10,116,23418.4,1544185.07,9.65,19862.85
2017-05-11,126,21204.04,1565389.11,9.78,20620.33
2017-05-12,115,15314.46,1580703.57,9.87,20438.88
2017-05-13,73,10675.67,1591379.24,9.94,19217.18
2017-05-14,112,17551.83,1608931.07,10.05,18800.59
2017-05-15,157,21907.01,1630838.08,10.19,19188.07
2017-05-16,153,24535.57,1655373.65,10.34,19229.57
2017-05-17,141,21396.33,1676769.98,10.47,18940.7
2017-05-18,125,20861.79,1697631.77,10.6,18891.81
2017-05-19,144,21525.09,1719156.86,10.74,19779.04
2017-05-20,72,12364.17,1731521.03,10.82,20020.26
2017-05-21,148,20368.53,1751889.56,10.94,20422.64
2017-05-22,148,28906.6,1780796.16,11.12,21422.58
2017-05-23,125,20622.47,1801418.63,11.25,20863.57
2017-05-24,142,26991.95,1828410.58,11.42,21662.94
2017-05-25,108,18420.66,1846831.24,11.54,21314.21
2017-05-26,80,12680.52,1859511.76,11.62,20050.7
2017-05-27,83,16333.54,1875845.3,11.72,20617.75
2017-05-28,98,11120.71,1886966.01,11.79,19296.64
2017-05-29,160,22225.09,1909191.1,11.93,18342.13
2017-05-30,105,17074.36,1926265.46,12.03,17835.26
2017-05-31,129,24063.38,1950328.84,12.18,17416.89
2017-06-01,124,21781.38,1972110.22,12.32,17897.0
2017-06-02,127,21769.38,1993879.6,12.45,19195.41
2017-06-03,89,12265.44,2006145.04,12.53,18614.25
2017-06-04,102,16029.49,2022174.53,12.63,19315.5
2017-06-05,147,27400.54,2049575.07,12.8,20054.85
2017-06-06,134,17525.09,2067100.16,12.91,20119.24
2017-06-07,129,16072.62,2083172.78,13.01,18977.71
2017-06-08,137,22106.28,2105279.06,13.15,19024.12
2017-06-09,108,18738.53,2124017.59,13.27,18591.14
2017-06-10,77,9892.1,2133909.69,13.33,18252.09
2017-06-11,115,19348.54,2153258.23,13.45,18726.24
2017-06-12,126,17389.2,2170647.43,13.56,17296.05
2017-06-13,126,16894.89,2187542.32,13.66,17206.02
2017-06-14,131,23559.52,2211101.84,13.81,18275.58
2017-06-15,108,15105.26,2226207.1,13.91,17275.43
2017-06-16,97,14777.69,2240984.79,14.0,16709.6
2017-06-17,75,13070.16,2254054.95,14.08,17163.61
2017-06-18,90,19733.69,2273788.64,14.2,17218.63
2017-06-19,156,25933.44,2299722.08,14.37,18439.24
2017-06-20,94,14659.82,2314381.9,14.46,18119.94
2017-06-21,35,7275.1,2321657.0,14.5,15793.59
2017-06-22,88,10609.04,2332266.04,14.57,15151.28
2017-06-23,107,15698.5,2347964.54,14.67,15282.82
2017-06-24,76,10013.7,2357978.24,14.73,14846.18
2017-06-25,105,20734.34,2378712.58,14.86,14989.13
2017-06-26,72,15200.32,2393912.9,14.95,13455.83
2017-06-27,141,19680.13,2413593.03,15.08,14173.02
2017-06-28,120,17080.88,2430673.91,15.18,15573.84
2017-06-29,114,14694.57,2445368.48,15.28,16157.49
2017-06-30,95,16236.74,2461605.22,15.38,16234.38
2017-07-01,80,14139.0,2475744.22,15.46,16823.71
2017-07-02,108,14002.37,2489746.59,15.55,15862.0
2017-07-03,118,19328.18,2509074.77,15.67,16451.7
2017-07-04,125,18107.6,2527182.37,15.79,16227.05
2017-07-05,145,24664.58,2551846.95,15.94,17310.43
2017-07-06,154,26556.07,2578403.02,16.11,19004.93
2017-07-07,121,16676.75,2595079.77,16.21,19067.79
2017-07-08,84,12001.35,2607081.12,16.29,18762.41
2017-07-09,94,10701.14,2617782.26,16.35,18290.81
2017-07-10,143,20661.8,2638444.06,16.48,18481.33
2017-07-11,165,24964.63,2663408.69,16.64,19460.9
2017-07-12,153,22740.8,2686149.49,16.78,19186.08
2017-07-13,137,17986.75,2704136.24,16.89,17961.89
2017-07-14,149,21833.26,2725969.5,17.03,18698.53
2017-07-15,98,13128.05,2739097.55,17.11,18859.49
2017-07-16,114,16150.23,2755247.78,17.21,19637.93
2017-07-17,168,25799.54,2781047.32,17.37,20371.89
2017-07-18,192,32450.89,2813498.21,17.57,21441.36
2017-07-19,153,20411.75,2833909.96,17.7,21108.64
2017-07-20,142,22517.84,2856427.8,17.84,21755.94
2017-07-21,115,15870.79,2872298.59,17.94,20904.16
2017-07-22,88,13318.54,2885617.13,18.03,20931.37
2017-07-23,105,14066.83,2899683.96,18.11,20633.74
2017-07-24,162,22950.01,2922633.97,18.26,20226.66
2017-07-25,153,20884.7,2943518.67,18.39,18574.35
2017-07-26,124,14053.84,2957572.51,18.47,17666.08
2017-07-27,124,18945.82,2976518.33,18.59,17155.79
2017-07-28,132,23276.3,2999794.63,18.74,18213.72
2017-07-29,115,18371.91,3018166.54,18.85,18935.63
2017-07-30,117,15341.69,3033508.23,18.95,19117.75
2017-07-31,148,20479.91,3053988.14,19.08,18764.88
2017-08-01,165,25417.36,3079405.5,19.24,19412.4
2017-08-02,157,21690.26,3101095.76,19.37,20503.32
2017-08-03,148,22380.55,3123476.31,19.51,20994.0
2017-08-04,142,21712.53,3145188.84,19.65,20770.6
2017-08-05,115,14465.84,3159654.68,19.74,20212.59
2017-08-06,109,17023.39,3176678.07,19.84,20452.83
2017-08-07,157,26629.34,3203307.41,20.01,21331.32
2017-08-08,146,21541.13,3224848.54,20.14,20777.58
2017-08-09,144,24214.39,3249062.93,20.3,21138.17
2017-08-10,157,23594.02,3272656.95,20.44,21311.52
2017-08-11,141,23627.11,3296284.06,20.59,21585.03
2017-08-12,98,16221.09,3312505.15,20.69,21835.78
2017-08-13,96,15928.58,3328433.73,20.79,21679.38
2017-08-14,159,22232.12,3350665.85,20.93,21051.21
2017-08-15,194,27992.04,3378657.89,21.1,21972.76
2017-08-16,174,28398.61,3407056.5,21.28,22570.51
2017-08-17,158,21885.09,3428941.59,21.42,22326.38
2017-08-18,147,20143.72,3449085.31,21.54,21828.75
2017-08-19,108,15172.92,3464258.23,21.64,21679.01
2017-08-20,104,15073.71,3479331.94,21.73,21556.89
2017-08-21,177,26019.72,3505351.66,21.9,22097.97
2017-08-22,138,19955.45,3525307.11,22.02,20949.89
2017-08-23,112,18789.7,3544096.81,22.14,19577.19
2017-08-24,128,16398.73,3560495.54,22.24,18793.42
2017-08-25,123,17403.72,3577899.26,22.35,18401.99
2017-08-26,93,12054.65,3589953.91,22.42,17956.53
2017-08-27,119,16327.14,3606281.05,22.53,18135.59
2017-08-28,155,25696.59,3631977.64,22.69,18089.43
2017-08-29,137,37025.7,3669003.34,22.92,20528.03
2017-08-30,181,35466.27,3704469.61,23.14,22910.4
2017-08-31,149,23914.85,3728384.46,23.29,23984.13
2017-09-01,158,32485.27,3760869.73,23.49,26138.64
2017-09-02,104,20479.18,3781348.91,23.62,27342.14
2017-09-03,125,30950.78,3812299.69,23.81,29431.23
2017-09-04,150,28719.24,3841018.93,23.99,29863.04
2017-09-05,157,24954.68,3865973.61,24.15,28138.61
2017-09-06,140,28821.83,3894795.44,24.33,27189.4
2017-09-07,99,21328.86,3916124.3,24.46,26819.98
2017-09-08,116,14789.08,3930913.38,24.55,24291.95
2017-09-09,106,17681.22,3948594.6,24.67,23892.24
2017-09-10,136,20978.6,3969573.2,24.8,22467.64
2017-09-11,180,27103.89,3996677.09,24.97,22236.88
2017-09-12,206,32784.96,4029462.05,25.17,23355.49
2017-09-13,207,32054.37,4061516.42,25.37,23817.28
2017-09-14,166,26502.51,4088018.93,25.54,24556.38
2017-09-15,150,21556.66,4109575.59,25.67,25523.17
2017-09-16,129,24040.31,4133615.9,25.82,26431.61
2017-09-17,126,22848.42,4156464.32,25.96,26698.73
2017-09-18,183,32535.23,4188999.55,26.17,27474.64
2017-09-19,154,23478.66,4212478.21,26.31,26145.17
2017-09-20,163,26170.08,4238648.29,26.48,25304.55
2017-09-21,150,22458.19,4261106.48,26.62,24726.79
2017-09-22,138,19200.25,4280306.73,26.74,24390.16
2017-09-23,88,12574.83,4292881.56,26.82,22752.24
2017-09-24,118,15880.06,4308761.62,26.91,21756.76
2017-09-25,136,21203.05,4329964.67,27.05,20137.87
2017-09-26,180,25296.36,4355261.03,27.21,20397.55
2017-09-27,147,24879.94,4380140.97,27.36,20213.24
2017-09-28,143,26629.3,4406770.27,27.53,20809.11
2017-09-29,121,34497.47,4441267.74,27.74,22994.43
2017-09-30,109,14879.17,4456146.91,27.84,23323.62
2017-10-01,128,21909.43,4478056.34,27.97,24184.96
2017-10-02,143,25565.11,4503621.45,28.13,24808.11
2017-10-03,198,30389.12,4534010.57,28.32,25535.65
2017-10-04,157,24787.58,4558798.15,28.48,25522.45
2017-10-05,140,29129.83,4587927.98,28.66,25879.67
2017-10-06,130,21890.58,4609818.56,28.8,24078.69
2017-10-07,105,17975.41,4627793.97,28.91,24521.01
2017-10-08,126,19756.3,4647550.27,29.03,24213.42
2017-10-09,193,35265.57,4682815.84,29.25,25599.2
2017-10-10,185,32559.07,4715374.91,29.45,25909.19
2017-10-11,158,26214.78,4741589.69,29.62,26113.08
2017-10-12,143,22520.93,4764110.62,29.76,25168.95
2017-10-13,154,26589.92,4790700.54,29.93,25840.28
2017-10-14,116,16185.46,4806886.0,30.03,25584.58
2017-10-15,121,21353.84,4828239.84,30.16,25812.8
2017-10-16,195,35315.42,4863555.26,30.38,25819.92
2017-10-17,202,35288.18,4898843.44,30.6,26209.79
2017-10-18,179,31793.67,4930637.11,30.8,27006.77
2017-10-19,176,26988.8,4957625.91,30.97,27645.04
2017-10-20,124,21979.2,4979605.11,31.11,26986.37
2017-10-21,113,18022.3,4997627.41,31.22,27248.77
2017-10-22,158,23273.05,5020900.46,31.36,27522.95
2017-10-23,161,25993.41,5046893.87,31.53,26191.23
2017-10-24,164,25739.27,5072633.14,31.69,24827.1
2017-10-25,156,21470.53,5094103.67,31.82,23352.37
2017-10-26,144,26415.55,5120519.22,31.99,23270.47
2017-10-27,133,23488.17,5144007.39,32.13,23486.04
2017-10-28,88,20572.64,5164580.03,32.26,23850.37
2017-10-29,132,20444.68,5185024.71,32.39,23446.32
2017-10-30,149,23741.86,5208766.57,32.54,23124.67
2017-10-31,160,27058.22,5235824.79,32.71,23313.09
2017-11-01,111,22702.16,5258526.95,32.85,23489.04
2017-11-02,124,25017.16,5283544.11,33.0,23289.27
2017-11-03,143,27058.52,5310602.63,33.17,23799.32
2017-11-04,111,22294.81,5332897.44,33.31,24045.34
2017-11-05,144,21752.57,5354650.01,33.45,24232.19
2017-11-06,193,33945.14,5388595.15,33.66,25689.8
2017-11-07,160,24945.21,5413540.36,33.82,25387.94
2017-11-08,175,23436.7,5436977.06,33.96,25492.87
2017-11-09,191,29175.83,5466152.89,34.14,26086.97
2017-11-10,165,23676.7,5489829.59,34.29,25603.85
2017-11-11,159,27578.63,5517408.22,34.46,26358.68
2017-11-12,174,26725.08,5544133.3,34.63,27069.04
2017-11-13,205,29606.24,5573739.54,34.82,26449.2
2017-11-14,192,32012.6,5605752.14,35.02,27458.83
2017-11-15,186,27683.35,5633435.49,35.19,28065.49
2017-11-16,226,33063.27,5666498.76,35.4,28620.84
2017-11-17,197,35386.84,5701885.6,35.62,30293.72
2017-11-18,149,27968.57,5729854.17,35.79,30349.42
2017-11-19,158,23312.6,5753166.77,35.94,29861.92
2017-11-20,230,50621.24,5803788.01,36.25,32864.07
2017-11-21,228,39831.85,5843619.86,36.5,33981.1
2017-11-22,201,30721.62,5874341.48,36.69,34415.14
2017-11-23,283,52584.62,5926926.1,37.02,37203.91
2017-11-24,1176,179200.03,6106126.13,38.14,57748.65
2017-11-25,499,71897.01,6178023.14,38.59,64024.14
2017-11-26,391,53939.87,6231963.01,38.93,68399.46
2017-11-27,403,56966.28,6288929.29,39.28,69305.9
2017-11-28,380,56708.41,6345637.7,39.64,71716.83
2017-11-29,323,48043.16,6393680.86,39.94,74191.34
2017-11-30,267,37026.73,6430707.59,40.17,71968.78
2017-12-01,275,46080.84,6476788.43,40.46,52951.76
2017-12-02,216,35908.51,6512696.94,40.68,47810.54
2017-12-03,234,34803.19,6547500.13,40.9,45076.73
2017-12-04,337,56225.41,6603725.54,41.25,44970.89
2017-12-05,282,40707.77,6644433.31,41.5,42685.09
2017-12-06,280,46149.63,6690582.94,41.79,42414.58
2017-12-07,229,33664.2,6724247.14,42.0,41934.22
2017-12-08,219,35160.82,6759407.96,42.22,40374.22
2017-12-09,155,23639.52,6783047.48,42.37,38621.51
2017-12-10,190,29784.26,6812831.74,42.56,37904.52
2017-12-11,267,39415.43,6852247.17,42.8,35503.09
2017-12-12,260,40370.39,6892617.56,43.05,35454.89
2017-12-13,218,34385.08,6927002.64,43.27,33774.24
2017-12-14,200,30754.31,6957756.95,43.46,33358.54
2017-12-15,192,31451.63,6989208.58,43.66,32828.66
2017-12-16,131,22907.05,7012115.63,43.8,32724.02
2017-12-17,133,22106.0,7034221.63,43.94,31627.13
2017-12-18,209,33898.13,7068119.76,44.15,30838.94
2017-12-19,176,24494.28,7092614.04,44.3,28570.93
2017-12-20,171,32004.68,7124618.72,44.5,28230.87
2017-12-21,143,21546.44,7146165.16,44.64,26915.46
2017-12-22,111,18073.47,7164238.63,44.75,25004.29
2017-12-23,109,16425.64,7180664.27,44.85,24078.38
2017-12-24,59,6960.79,7187625.06,44.9,21914.78
2017-12-25,90,12662.23,7200287.29,44.98,18881.08
2017-12-26,168,23797.46,7224084.75,45.13,18781.53
2017-12-27,167,21074.29,7245159.04,45.26,17220.05
2017-12-28,146,17793.85,7262952.89,45.37,16683.96
2017-12-29,135,20552.64,7283505.53,45.5,17038.13
2017-12-30,97,15412.61,7298918.14,45.59,16893.41
2017-12-31,74,10190.93,7309109.07,45.66,17354.86
2018-01-01,74,8486.29,7317595.36,45.71,16758.3
2018-01-02,204,29494.74,7347090.1,45.89,17572.19
2018-01-03,225,37154.62,7384244.72,46.13,19869.38
2018-01-04,258,40998.15,7425242.87,46.38,23184.28
2018-01-05,210,32341.95,7457584.82,46.58,24868.47
2018-01-06,216,32711.84,7490296.66,46.79,27339.79
2018-01-07,196,33993.48,7524290.14,47.0,30740.15
2018-01-08,293,45310.6,7569600.74,47.28,36000.77
2018-01-09,252,35440.0,7605040.74,47.51,36850.09
2018-01-10,277,44824.93,7649865.67,47.79,37945.85
2018-01-11,266,46746.38,7696612.05,48.08,38767.03
2018-01-12,243,37270.23,7733882.28,48.31,39471.07
2018-01-13,219,33222.38,7767104.66,48.52,39544.0
2018-01-14,235,35993.46,7803098.12,48.74,39829.71
2018-01-15,307,45208.29,7848306.41,49.02,39815.1
2018-01-16,302,51339.38,7899645.79,49.35,42086.44
2018-01-17,282,42151.92,7941797.71,49.61,41704.58
2018-01-18,241,33038.69,7974836.4,49.82,39746.34
2018-01-19,235,35649.63,8010486.03,50.04,39514.82
2018-01-20,184,26960.0,8037446.03,50.21,38620.2
2018-01-21,199,28447.42,8065893.45,50.38,37542.19
2018-01-22,314,43867.89,8109761.34,50.66,37350.7
2018-01-23,262,40298.33,8150059.67,50.91,35773.41
2018-01-24,244,37025.23,8187084.9,51.14,35041.03
2018-01-25,233,35335.98,8222420.88,51.36,35369.21
2018-01-26,229,39308.94,8261729.82,51.61,35891.97
2018-01-27,153,25106.77,8286836.59,51.76,35627.22
2018-01-28,156,27804.9,8314641.49,51.94,35535.43
2018-01-29,246,36056.52,8350698.01,52.16,34419.52
2018-01-30,258,35523.61,8386221.62,52.38,33737.42
2018-01-31,256,37891.63,8424113.25,52.62,33861.19
2018-02-01,232,35767.92,8459881.17,52.84,33922.9
2018-02-02,212,32532.45,8492413.62,53.05,32954.83
2018-02-03,193,27572.17,8519985.79,53.22,33307.03
2018-02-04,201,28261.91,8548247.7,53.4,33372.32
2018-02-05,271,43196.97,8591444.67,53.67,34392.38
2018-02-06,268,40066.42,8631511.09,53.92,35041.35
2018-02-07,248,36529.71,8668040.8,54.15,34846.79
2018-02-08,230,31911.01,8699951.81,54.34,34295.81
2018-02-09,216,35374.19,8735326.0,54.57,34701.77
2018-02-10,179,25265.32,8760591.32,54.72,34372.22
2018-02-11,172,26129.46,8786720.78,54.89,34067.58
2018-02-12,218,27990.55,8814711.33,55.06,31895.24
2018-02-13,224,29024.17,8843735.5,55.24,30317.77
2018-02-14,295,43643.36,8887378.86,55.52,31334.01
2018-02-15,283,39224.75,8926603.61,55.76,32378.83
2018-02-16,214,31867.47,8958471.08,55.96,31877.87
2018-02-17,204,29611.55,8988082.63,56.14,32498.76
2018-02-18,202,29071.93,9017154.56,56.33,32919.11
2018-02-19,259,33735.96,9050890.52,56.54,33739.88
2018-02-20,289,42706.69,9093597.21,56.8,35694.53
2018-02-21,266,38017.26,9131614.47,57.04,34890.8
2018-02-22,279,38784.23,9170398.7,57.28,34827.87
2018-02-23,235,33072.96,9203471.66,57.49,35000.08
2018-02-24,191,28341.36,9231813.02,57.67,34818.63
2018-02-25,237,34930.88,9266743.9,57.89,35655.62
2018-02-26,299,50433.96,9317177.86,58.2,38041.05
2018-02-27,298,47076.99,9364254.85,58.49,38665.38
2018-02-28,313,52321.74,9416576.59,58.82,40708.87
2018-03-01,277,46747.4,9463323.99,59.11,41846.47
2018-03-02,266,37550.31,9500874.3,59.35,42486.09
2018-03-03,214,31781.79,9532656.09,59.55,42977.58
2018-03-04,236,37479.8,9570135.89,59.78,43341.71
2018-03-05,264,45635.61,9615771.5,60.07,42656.23
2018-03-06,271,45971.24,9661742.74,60.35,42498.27
2018-03-07,259,42513.19,9704255.93,60.62,41097.05
2018-03-08,234,33842.12,9738098.05,60.83,39253.44
2018-03-09,204,33823.07,9771921.12,61.04,38720.97
2018-03-10,193,31105.0,9803026.12,61.23,38624.29
2018-03-11,218,36618.35,9839644.47,61.46,38501.23
2018-03-12,232,35930.89,9875575.36,61.69,37114.84
2018-03-13,227,42179.58,9917754.94,61.95,36573.17
2018-03-14,199,28417.25,9946172.19,62.13,34559.47
2018-03-15,290,51935.36,9998107.55,62.45,37144.21
2018-03-16,252,38760.36,1.003686791E7,62.7,37849.54
2018-03-17,180,24000.21,1.006086812E7,62.85,36834.57
2018-03-18,215,36076.38,1.00969445E7,63.07,36757.15
2018-03-19,303,52707.31,1.014965181E7,63.4,39153.78
2018-03-20,297,42887.93,1.019253974E7,63.67,39254.97
2018-03-21,286,46482.09,1.023902183E7,63.96,41835.66
2018-03-22,254,36989.79,1.027601162E7,64.19,39700.58
2018-03-23,221,34817.72,1.031082934E7,64.41,39137.35
2018-03-24,165,27711.42,1.033854076E7,64.58,39667.52
2018-03-25,190,30192.8,1.036873356E7,64.77,38827.01
2018-03-26,272,42745.23,1.041147879E7,65.04,37403.85
2018-03-27,245,40633.58,1.045211237E7,65.29,37081.8
2018-03-28,220,35150.72,1.048726309E7,65.51,35463.04
2018-03-29,194,33564.47,1.052082756E7,65.72,34973.71
2018-03-30,165,26279.75,1.054710731E7,65.88,33754.0
2018-03-31,168,29121.4,1.057622871E7,66.06,33955.42
2018-04-01,207,34189.0,1.061041771E7,66.28,34526.31
2018-04-02,282,48076.45,1.065849416E7,66.58,35287.91
2018-04-03,247,42187.32,1.070068148E7,66.84,35509.87
2018-04-04,257,43567.82,1.07442493E7,67.11,36712.32
2018-04-05,266,42219.17,1.078646847E7,67.38,37948.7
2018-04-06,189,32285.36,1.081875383E7,67.58,38806.65
2018-04-07,164,29014.86,1.084776869E7,67.76,38791.43
2018-04-08,185,27883.61,1.08756523E7,67.94,37890.66
2018-04-09,253,55782.82,1.093143512E7,68.28,38991.57
2018-04-10,201,32535.28,1.09639704E7,68.49,37612.7
2018-04-11,274,47204.47,1.101117487E7,68.78,38132.22
2018-04-12,255,39945.38,1.105112025E7,69.03,37807.4
2018-04-13,202,36440.53,1.108756078E7,69.26,38400.99
2018-04-14,146,22397.87,1.110995865E7,69.4,37455.71
2018-04-15,223,36564.19,1.114652284E7,69.63,38695.79
2018-04-16,280,47364.65,1.119388749E7,69.92,37493.2
2018-04-17,266,42814.25,1.123670174E7,70.19,38961.62
2018-04-18,280,46308.65,1.128301039E7,70.48,38833.65
2018-04-19,293,50326.53,1.133333692E7,70.79,40316.67
2018-04-20,197,32841.64,1.136617856E7,71.0,39802.54
2018-04-21,156,22465.89,1.138864445E7,71.14,39812.26
2018-04-22,200,31991.79,1.142063624E7,71.34,39159.06
2018-04-23,285,44363.29,1.146499953E7,71.62,38730.29
2018-04-24,271,49905.02,1.151490455E7,71.93,39743.26
2018-04-25,284,47356.49,1.156226104E7,72.22,39892.95
2018-04-26,254,36912.77,1.159917381E7,72.45,37976.7
2018-04-27,242,46764.3,1.164593811E7,72.75,39965.65
2018-04-28,169,26978.52,1.167291663E7,72.92,40610.31
2018-04-29,171,23060.95,1.169597758E7,73.06,39334.48
2018-04-30,240,41036.61,1.173701419E7,73.32,38859.24
2018-05-01,256,39274.26,1.177628845E7,73.56,37340.56
2018-05-02,296,44908.63,1.182119708E7,73.84,36990.86
2018-05-03,305,50218.85,1.187141593E7,74.16,38891.73
2018-05-04,265,45494.1,1.191691003E7,74.44,38710.27
2018-05-05,197,32640.67,1.19495507E7,74.64,39519.15
2018-05-06,211,33099.31,1.198265001E7,74.85,40953.2
2018-05-07,372,62568.25,1.204521826E7,75.24,44029.15
2018-05-08,331,55129.38,1.210034764E7,75.59,46294.17
2018-05-09,344,51096.82,1.215144446E7,75.9,47178.2
2018-05-10,279,58871.87,1.221031633E7,76.27,48414.34
2018-05-11,247,43346.5,1.225366283E7,76.54,48107.54
2018-05-12,207,34883.12,1.228854595E7,76.76,48427.89
2018-05-13,207,36320.07,1.232486602E7,76.99,48888.0
2018-05-14,364,62230.73,1.238709675E7,77.38,48839.78
2018-05-15,352,49505.99,1.243660274E7,77.69,48036.44
2018-05-16,357,64742.06,1.25013448E7,78.09,49985.76
2018-05-17,228,36258.36,1.253760316E7,78.32,46755.26
2018-05-18,236,36429.77,1.257403293E7,78.54,45767.16
2018-05-19,139,28319.73,1.260235266E7,78.72,44829.53
2018-05-20,161,23086.12,1.262543878E7,78.87,42938.97
2018-05-21,206,30619.94,1.265605872E7,79.06,38423.14
2018-05-22,199,32070.66,1.268812938E7,79.26,35932.38
2018-05-23,132,20262.3,1.270839168E7,79.38,29578.13
2018-05-24,114,22278.7,1.273067038E7,79.52,27581.03
2018-05-25,104,18286.32,1.27489567E7,79.64,24989.11
2018-05-26,99,16914.09,1.276587079E7,79.74,23359.73
2018-05-27,100,14693.68,1.278056447E7,79.83,22160.81
2018-05-28,143,30304.95,1.281086942E7,80.02,22115.81
2018-05-29,149,29441.33,1.284031075E7,80.21,21740.2
2018-05-30,140,22529.07,1.286283982E7,80.35,22064.02
2018-05-31,133,28156.52,1.289099634E7,80.52,22903.71
2018-06-01,184,37284.05,1.292828039E7,80.76,25617.67
2018-06-02,142,28939.99,1.295722038E7,80.94,27335.66
2018-06-03,192,33024.44,1.299024482E7,81.14,29954.34
2018-06-04,225,34326.4,1.302457122E7,81.36,30528.83
2018-06-05,200,36471.22,1.306104244E7,81.59,31533.1
2018-06-06,227,32176.98,1.309321942E7,81.79,32911.37
2018-06-07,223,42676.38,1.31358958E7,82.05,34985.64
2018-06-08,198,31797.2,1.3167693E7,82.25,34201.8
2018-06-09,172,34033.78,1.320172678E7,82.47,34929.49
2018-06-10,193,30295.41,1.323202219E7,82.65,34539.62
2018-06-11,294,57345.56,1.328936775E7,83.01,37828.08
2018-06-12,246,46762.43,1.333613018E7,83.3,39298.25
2018-06-13,259,41586.61,1.337771679E7,83.56,40642.48
2018-06-14,212,32707.21,1.3410424E7,83.77,39218.31
2018-06-15,186,31498.76,1.344192276E7,83.97,39175.68
2018-06-16,165,29000.08,1.347092284E7,84.15,38456.58
2018-06-17,152,20751.52,1.349167436E7,84.28,37093.17
2018-06-18,246,41027.07,1.353270143E7,84.53,34761.95
2018-06-19,231,40013.6,1.357271503E7,84.78,33797.84
2018-06-20,217,34330.26,1.360704529E7,85.0,32761.21
2018-06-21,234,33301.99,1.364034728E7,85.2,32846.18
2018-06-22,179,28753.15,1.366910043E7,85.38,32453.95
2018-06-23,151,21181.11,1.369028154E7,85.52,31336.96
2018-06-24,199,29498.57,1.371978011E7,85.7,32586.54
2018-06-25,241,42008.02,1.376178813E7,85.96,32726.67
2018-06-26,243,37673.67,1.37994618E7,86.2,32392.4
2018-06-27,215,32920.9,1.38323827E7,86.4,32191.06
2018-06-28,243,38773.74,1.387115644E7,86.65,32972.74
2018-06-29,174,25098.69,1.389625513E7,86.8,32450.67
2018-06-30,124,18621.71,1.391487684E7,86.92,32085.04
2018-07-01,161,29060.7,1.394393754E7,87.1,32022.49
2018-07-02,195,29422.43,1.397335997E7,87.29,30224.55
2018-07-03,216,31454.6,1.400481457E7,87.48,29336.11
2018-07-04,256,41579.8,1.404639437E7,87.74,30573.1
2018-07-05,195,33949.5,1.408034387E7,87.95,29883.92
2018-07-06,121,22108.67,1.410245254E7,88.09,29456.77
2018-07-07,91,11277.24,1.411372978E7,88.16,28407.56
2018-07-08,122,17554.72,1.41312845E7,88.27,26763.85
2018-07-09,148,23122.17,1.415440667E7,88.42,25863.81
2018-07-10,134,22694.45,1.417710112E7,88.56,24612.36
2018-07-11,127,22148.64,1.419924976E7,88.7,21836.48
2018-07-12,124,35228.7,1.423447846E7,88.92,22019.23
2018-07-13,168,32635.24,1.42671137E7,89.12,23523.02
2018-07-14,148,26427.02,1.429354072E7,89.29,25687.28
2018-07-15,152,34489.4,1.432803012E7,89.5,28106.52
2018-07-16,245,37854.66,1.436588478E7,89.74,30211.16
2018-07-17,221,35758.42,1.44016432E7,89.96,32077.44
2018-07-18,307,51392.43,1.445303563E7,90.28,36255.12
2018-07-19,253,44911.25,1.449794688E7,90.56,37638.35
2018-07-20,250,38131.01,1.453607789E7,90.8,38423.46
2018-07-21,187,25508.97,1.456158686E7,90.96,38292.31
2018-07-22,215,32962.26,1.459454912E7,91.17,38074.14
2018-07-23,307,48104.33,1.464265345E7,91.47,39538.38
2018-07-24,271,48154.03,1.469080748E7,91.77,41309.18
2018-07-25,268,47917.71,1.473872519E7,92.07,40812.79
2018-07-26,247,41784.74,1.478050993E7,92.33,40366.15
2018-07-27,189,33331.12,1.481384105E7,92.54,39680.45
2018-07-28,176,30168.17,1.484400922E7,92.72,40346.05
2018-07-29,188,36468.26,1.488047748E7,92.95,40846.91
2018-07-30,288,46288.01,1.492676549E7,93.24,40587.43
2018-07-31,322,54652.1,1.498141759E7,93.58,41515.73
2018-08-01,311,48850.81,1.50302684E7,93.89,41649.03
2018-08-02,302,45932.7,1.50762011E7,94.17,42241.6
2018-08-03,314,49517.59,1.512571869E7,94.48,44553.95
2018-08-04,245,41239.97,1.516695866E7,94.74,46135.63
2018-08-05,276,42272.07,1.520923073E7,95.01,46964.75
2018-08-06,372,65860.43,1.527509116E7,95.42,49760.81
2018-08-07,370,62057.77,1.533714893E7,95.8,50818.76
2018-08-08,316,51463.76,1.538861269E7,96.13,51192.04
2018-08-09,289,47261.68,1.543587437E7,96.42,51381.9
2018-08-10,256,40690.26,1.547656463E7,96.67,50120.85
2018-08-11,188,31277.25,1.550784188E7,96.87,48697.6
2018-08-12,197,36739.75,1.554458163E7,97.1,47907.27
2018-08-13,292,48163.76,1.559274539E7,97.4,45379.18
2018-08-14,316,51574.67,1.564432006E7,97.72,43881.59
2018-08-15,288,53322.7,1.569764276E7,98.06,44147.15
2018-08-16,320,42581.08,1.574022384E7,98.32,43478.5
2018-08-17,257,40872.77,1.578109661E7,98.58,43504.57
2018-08-18,198,29695.07,1.581079168E7,98.76,43278.54
2018-08-19,204,29989.35,1.584078103E7,98.95,42314.2
2018-08-20,256,40352.47,1.58811335E7,99.2,41198.3
2018-08-21,243,31479.9,1.59126134E7,99.4,38327.62
2018-08-22,187,24401.84,1.593701524E7,99.55,34196.07
2018-08-23,144,19737.72,1.595675296E7,99.67,30932.73
2018-08-24,99,11450.76,1.596820372E7,99.75,26729.59
2018-08-25,69,11737.76,1.597994148E7,99.82,24164.26
2018-08-26,73,9304.0,1.598924548E7,99.88,21209.21
2018-08-27,67,6229.95,1.599547543E7,99.92,16334.56
2018-08-28,44,5216.72,1.600069215E7,99.95,12582.68
2018-08-29,14,2381.83,1.600307398E7,99.96,9436.96
2018-08-30,4,705.04,1.600377902E7,99.97,6718.01
2018-08-31,1,63.89,1.600384291E7,99.97,5091.31
2018-09-03,4,458.64,1.600430155E7,99.97,3480.01
2018-09-06,3,2443.2,1.600674475E7,99.99,2499.9
2018-09-10,1,51.17,1.600679592E7,99.99,1617.21
2018-09-11,1,258.67,1.600705459E7,99.99,908.92
2018-09-12,1,84.58,1.600713917E7,99.99,580.74
2018-09-13,1,414.04,1.600755321E7,99.99,539.17
2018-09-17,1,84.58,1.600763779E7,99.99,542.13
2018-09-20,1,191.46,1.600782925E7,99.99,503.96
2018-09-25,1,221.54,1.600805079E7,99.99,186.58
2018-09-26,1,94.63,1.600814542E7,100.0,192.79
2018-09-29,1,137.03,1.600828245E7,100.0,175.41
2018-10-01,1,80.38,1.600836283E7,100.0,174.81
2018-10-03,1,197.55,1.600856038E7,100.0,143.88
2018-10-16,1,222.03,1.600878241E7,100.0,163.52
2018-10-17,1,89.71,1.600887212E7,100.0,148.98
